Heading,Link,Description,Price,Number of Reviews
VJ Interior Fabric Office Arm Chair,www.flipkart.com/vj-interior-fabric-office-arm-chair/p/itmeqxf7hknga2hm?pid=OSCEQXF7TMHNGY8Z&lid=LSTOSCEQXF7TMHNGY8Z9Y1WOE&marketplace=FLIPKART&srno=b_1_1&otracker=nmenu_sub_Home%20%26%20Furniture_0_Living%20Room%20Furniture&fm=organic&iid=en_ivZiNAuud6iaM9b9rO0jYiq7ulVWPSt57QtoSjVE1eIE9p4KwsppwEtWL7iSo444r0N9nWisA6tu8rnVzTj9kA%3D%3D&ssid=3bk24lhehc0000001580368774617,"Green, Black","3,775",103
VJ Interior Fabric Office Arm Chair,www.flipkart.com/vj-interior-fabric-office-arm-chair/p/itmehnwtwzgtahny?pid=OSCEHNWTRYXDDEPA&lid=LSTOSCEHNWTRYXDDEPA7G7RUF&marketplace=FLIPKART&srno=b_1_2&otracker=nmenu_sub_Home%20%26%20Furniture_0_Living%20Room%20Furniture&fm=organic&iid=en_ivZiNAuud6iaM9b9rO0jYiq7ulVWPSt57QtoSjVE1eLzTaSeg2IIhSMZi%2FcUQnFMT2yUDO5%2FbXle%2Bqxzx5XSzg%3D%3D&ssid=3bk24lhehc0000001580368774617,Blue,"3,625",165
Crystal Furnitech Sigma Engineered Wood Coffee Table,www.flipkart.com/crystal-furnitech-sigma-engineered-wood-coffee-table/p/itmexhyxjrpccrgs?pid=CFTEXHYXDGGM3BDE&lid=LSTCFTEXHYXDGGM3BDEI1IGGJ&marketplace=FLIPKART&spotlightTagId=BestsellerId_wwe&srno=b_1_3&otracker=nmenu_sub_Home%20%26%20Furniture_0_Living%20Room%20Furniture&fm=organic&iid=11161d2b-a078-4f58-a4fc-c542544d98c6.CFTEXHYXDGGM3BDE.SEARCH&ssid=3bk24lhehc0000001580368774617,Finish Color - wallnut + wenge,"3,490",3406
Crystal Furnitech Eadric Engineered Wood Kitchen Cabine...,www.flipkart.com/crystal-furnitech-eadric-engineered-wood-kitchen-cabinet/p/itmfyuayhyjbhmh9?pid=KTCFYN7DEPHUQZ2X&lid=LSTKTCFYN7DEPHUQZ2XCW6KLU&marketplace=FLIPKART&srno=b_1_4&otracker=nmenu_sub_Home%20%26%20Furniture_0_Living%20Room%20Furniture&fm=organic&iid=d23275d5-3e61-4060-b473-38086af00e88.KTCFYN7DEPHUQZ2X.SEARCH&ssid=3bk24lhehc0000001580368774617,Finish Color - Cairo wallnut,"10,790",273
HomeTown Lara Crony Engineered Wood Semi-Open Book Shel...,www.flipkart.com/hometown-lara-crony-engineered-wood-semi-open-book-shelf/p/itmezsyjksctrvbu?pid=BSFEZAPYB5C9HB4R&lid=LSTBSFEZAPYB5C9HB4R2RAGMS&marketplace=FLIPKART&srno=b_1_5&otracker=nmenu_sub_Home%20%26%20Furniture_0_Living%20Room%20Furniture&fm=organic&iid=87cbe16c-f51a-4b2c-a4cd-ba1b0ec5eb36.BSFEZAPYB5C9HB4R.SEARCH&ssid=3bk24lhehc0000001580368774617,Finish Color - Wenge,"5,590",659
Hetal Enterprises Fabric Office Arm Chair,www.flipkart.com/hetal-enterprises-fabric-office-arm-chair/p/itmf3zshtrusyfga?pid=OSCEATU7DW4YTJEG&lid=LSTOSCEATU7DW4YTJEG9D40TB&marketplace=FLIPKART&srno=b_1_6&otracker=nmenu_sub_Home%20%26%20Furniture_0_Living%20Room%20Furniture&fm=organic&iid=b1cabc40-a255-4c05-b363-6250d128b8c6.OSCEATU7DW4YTJEG.SEARCH&ssid=3bk24lhehc0000001580368774617,Black,"2,999",409
Crystal Furnitech Avia Engineered Wood Coffee Table,www.flipkart.com/crystal-furnitech-avia-engineered-wood-coffee-table/p/itmewmffzy3j35wu?pid=CFTEWMFFA8HTFWJY&lid=LSTCFTEWMFFA8HTFWJYKRIU34&marketplace=FLIPKART&srno=b_1_7&otracker=nmenu_sub_Home%20%26%20Furniture_0_Living%20Room%20Furniture&fm=organic&iid=d4ffb787-0a3e-4338-b652-d39b7408f8b6.CFTEWMFFA8HTFWJY.SEARCH&ssid=3bk24lhehc0000001580368774617,Finish Color - Wenge,"3,590",1308
Nilkamal Engineered Wood Shoe Rack,www.flipkart.com/nilkamal-engineered-wood-shoe-rack/p/itmebpt2esfcq39e?pid=SHKEBPTFRCPPGWDZ&lid=LSTSHKEBPTFRCPPGWDZZNWG06&marketplace=FLIPKART&srno=b_1_8&otracker=nmenu_sub_Home%20%26%20Furniture_0_Living%20Room%20Furniture&fm=organic&iid=09a2519d-7f08-45f2-8590-164d45f55f33.SHKEBPTFRCPPGWDZ.SEARCH&ssid=3bk24lhehc0000001580368774617,"Brown, 4 Shelves","4,090",1296
Delite Kom 20 Inches wide Five Door Powder Coated Wall ...,www.flipkart.com/delite-kom-20-inches-wide-five-door-powder-coated-wall-mounted-metallic-ivory-coffee-metal-shoe-rack/p/itmesqdmhqc9ydst?pid=SHKESQDBNSJNVYCE&lid=LSTSHKESQDBNSJNVYCEBJ3XFC&marketplace=FLIPKART&srno=b_1_9&otracker=nmenu_sub_Home%20%26%20Furniture_0_Living%20Room%20Furniture&fm=organic&iid=0a278ee9-d019-432c-9bc1-2c807e9bbc63.SHKESQDBNSJNVYCE.SEARCH&ssid=3bk24lhehc0000001580368774617,"Brown, 5 Shelves","5,790",1223
Woodness Chicago Engineered Wood Office Table,www.flipkart.com/woodness-chicago-engineered-wood-office-table/p/itmeztmyuzqjxqdf?pid=CPTEZGXGBBJFSWGW&lid=LSTCPTEZGXGBBJFSWGWHQSU36&marketplace=FLIPKART&srno=b_1_10&otracker=nmenu_sub_Home%20%26%20Furniture_0_Living%20Room%20Furniture&fm=organic&iid=0276ad41-b0d1-4871-836f-61d8b137b974.CPTEZGXGBBJFSWGW.SEARCH&ssid=3bk24lhehc0000001580368774617,"Free Standing, Finish Color - Grey Oak","5,190",326
Cello Plastic Shoe Rack,www.flipkart.com/cello-plastic-shoe-rack/p/itmeqg9erp44y28z?pid=SHKEQG9EKSBQVDWZ&lid=LSTSHKEQG9EKSBQVDWZPYHMXS&marketplace=FLIPKART&srno=b_1_11&otracker=nmenu_sub_Home%20%26%20Furniture_0_Living%20Room%20Furniture&fm=organic&iid=c58a584d-b93f-429f-96d6-2e3f72ae7036.SHKEQG9EKSBQVDWZ.SEARCH&ssid=3bk24lhehc0000001580368774617,"Blue, Grey, 4 Shelves","2,390",2198
Delite Kom 20 Inches wide Five Door Powder Coated Wall ...,www.flipkart.com/delite-kom-20-inches-wide-five-door-powder-coated-wall-mounted-metallic-ivory-metal-shoe-rack/p/itmf28dfunw4sxgv?pid=SHKESQDHY7VFU52Z&lid=LSTSHKESQDHY7VFU52ZXBSFJ6&marketplace=FLIPKART&srno=b_1_12&otracker=nmenu_sub_Home%20%26%20Furniture_0_Living%20Room%20Furniture&fm=organic&iid=8d87602e-ae4c-4fce-a4d8-bac68189c20b.SHKESQDHY7VFU52Z.SEARCH&ssid=3bk24lhehc0000001580368774617,"White, 5 Shelves","5,290",435
Flipkart Perfect Homes Engineered Wood Close Book Shelf,www.flipkart.com/flipkart-perfect-homes-engineered-wood-close-book-shelf/p/itmff5hfqgtpmdk2?pid=BSFFF5HFTTGRHZJG&lid=LSTBSFFF5HFTTGRHZJG4FPZ8A&marketplace=FLIPKART&srno=b_1_13&otracker=nmenu_sub_Home%20%26%20Furniture_0_Living%20Room%20Furniture&fm=organic&iid=3e62b821-1ac6-495c-a27a-1c5a208fb238.BSFFF5HFTTGRHZJG.SEARCH&ssid=3bk24lhehc0000001580368774617,Finish Color - Wenge,"6,790",261
HomeTown Engineered Wood Shoe Rack,www.flipkart.com/hometown-engineered-wood-shoe-rack/p/itmexw8cgakv87xb?pid=SHKEXW8CPBAGMFHC&lid=LSTSHKEXW8CPBAGMFHCPONPMZ&marketplace=FLIPKART&srno=b_1_14&otracker=nmenu_sub_Home%20%26%20Furniture_0_Living%20Room%20Furniture&fm=organic&iid=9e40d988-e9ac-4aa0-9f0a-eaa06038e11f.SHKEXW8CPBAGMFHC.SEARCH&ssid=3bk24lhehc0000001580368774617,"Brown, 6 Shelves","4,890",990
HomeTown Lara Crony Engineered Wood Semi-Open Book Shel...,www.flipkart.com/hometown-lara-crony-engineered-wood-semi-open-book-shelf/p/itmezsygzpkcgg2f?pid=BSFEZQHVFHMZMBKC&lid=LSTBSFEZQHVFHMZMBKC5UKHOW&marketplace=FLIPKART&srno=b_1_15&otracker=nmenu_sub_Home%20%26%20Furniture_0_Living%20Room%20Furniture&fm=organic&iid=4b5f0031-5f73-42fd-ad89-dfd45d9959d3.BSFEZQHVFHMZMBKC.SEARCH&ssid=3bk24lhehc0000001580368774617,Finish Color - Walnut,"6,290",454
Delite Kom 24 Inches wide Five Door Powder Coated Wall ...,www.flipkart.com/delite-kom-24-inches-wide-five-door-powder-coated-wall-mounted-metallic-ivory-metal-shoe-rack/p/itmezhf5xczzkq6m?pid=SHKEZHF5DRXFZ9FF&lid=LSTSHKEZHF5DRXFZ9FFE725NR&marketplace=FLIPKART&srno=b_1_16&otracker=nmenu_sub_Home%20%26%20Furniture_0_Living%20Room%20Furniture&fm=organic&iid=60c3b7a1-8505-4d7e-a526-f8ab70ac71a3.SHKEZHF5DRXFZ9FF.SEARCH&ssid=3bk24lhehc0000001580368774617,"White, 5 Shelves","6,990",407
Flipkart Perfect Homes Webster TV Entertainment Unit,www.flipkart.com/flipkart-perfect-homes-webster-tv-entertainment-unit/p/itmeuvqdu8mbgfby?pid=TVUEUVQD7GZ5D4XE&lid=LSTTVUEUVQD7GZ5D4XEVNBAER&marketplace=FLIPKART&spotlightTagId=BestsellerId_wwe&srno=b_1_17&otracker=nmenu_sub_Home%20%26%20Furniture_0_Living%20Room%20Furniture&fm=organic&iid=9d348a1d-c087-4e07-9821-941b4c516b83.TVUEUVQD7GZ5D4XE.SEARCH&ssid=3bk24lhehc0000001580368774617,Finish Color - Wenge,"12,990",5085
@home by Nilkamal Engineered Wood Shoe Rack,www.flipkart.com/home-nilkamal-engineered-wood-shoe-rack/p/itmezgwhxzjyxmfr?pid=SHKEZGQTBQAZPJWP&lid=LSTSHKEZGQTBQAZPJWP58IVPW&marketplace=FLIPKART&srno=b_1_18&otracker=nmenu_sub_Home%20%26%20Furniture_0_Living%20Room%20Furniture&fm=organic&iid=d8351daf-9650-4803-82df-266f618e3e7b.SHKEZGQTBQAZPJWP.SEARCH&ssid=3bk24lhehc0000001580368774617,4 Shelves,"3,790",754
HomeTown Engineered Wood Shoe Rack,www.flipkart.com/hometown-engineered-wood-shoe-rack/p/itmexw8czxk6urt9?pid=SHKEXW8C3XHHCZVJ&lid=LSTSHKEXW8C3XHHCZVJ7KDBWN&marketplace=FLIPKART&srno=b_1_19&otracker=nmenu_sub_Home%20%26%20Furniture_0_Living%20Room%20Furniture&fm=organic&iid=31c42163-eddf-4bd3-bc6f-2ec5051a794f.SHKEXW8C3XHHCZVJ.SEARCH&ssid=3bk24lhehc0000001580368774617,"Brown, 9 Shelves","10,490",491
@home by Nilkamal Engineered Wood Shoe Rack,www.flipkart.com/home-nilkamal-engineered-wood-shoe-rack/p/itmezgwhpn5u43ef?pid=SHKEZGQU3TDBJCZ6&lid=LSTSHKEZGQU3TDBJCZ6QS8S3N&marketplace=FLIPKART&srno=b_1_20&otracker=nmenu_sub_Home%20%26%20Furniture_0_Living%20Room%20Furniture&fm=organic&iid=b601f21b-2d4e-45b1-87a6-7e9ced9f35a7.SHKEZGQU3TDBJCZ6.SEARCH&ssid=3bk24lhehc0000001580368774617,3 Shelves,"3,590",661
"FurnitureKraft Caen Double Engineered Wood, Metal Sofa ...",www.flipkart.com/furniturekraft-caen-double-engineered-wood-metal-sofa-bed/p/itmf3yhzyjyuvuhw?pid=SBEFYJEJGBWFF6YZ&lid=LSTSBEFYJEJGBWFF6YZAWFNXL&marketplace=FLIPKART&srno=b_1_21&otracker=nmenu_sub_Home%20%26%20Furniture_0_Living%20Room%20Furniture&fm=organic&iid=4c49e63e-4eef-4ef8-85dd-34ae3e58cabb.SBEFYJEJGBWFF6YZ.SEARCH&ssid=3bk24lhehc0000001580368774617,Finish Color - Blue Mechanism Type - Pull Out,"17,390",1429
Spacewood Engineered Wood Shoe Rack,www.flipkart.com/spacewood-engineered-wood-shoe-rack/p/itmedwnnykhveysn?pid=SHKEDWNNXNFCTHGN&lid=LSTSHKEDWNNXNFCTHGNDRJGQP&marketplace=FLIPKART&srno=b_1_22&otracker=nmenu_sub_Home%20%26%20Furniture_0_Living%20Room%20Furniture&fm=organic&iid=fb638c35-8da3-491e-8281-c745a5c5f300.SHKEDWNNXNFCTHGN.SEARCH&ssid=3bk24lhehc0000001580368774617,3 Shelves,"4,190",579
DZYN Furnitures Leather Office Executive Chair,www.flipkart.com/dzyn-furnitures-leather-office-executive-chair/p/itmfy7fzesmgegzy?pid=OSCFY66JCPJP26TM&lid=LSTOSCFY66JCPJP26TMFNWPFX&marketplace=FLIPKART&srno=b_1_23&otracker=nmenu_sub_Home%20%26%20Furniture_0_Living%20Room%20Furniture&fm=organic&iid=ec6e258b-ce37-4860-bf6a-f444bed37388.OSCFY66JCPJP26TM.SEARCH&ssid=3bk24lhehc0000001580368774617,Brown,"4,990",1413
Nilkamal Plastic Shoe Rack,www.flipkart.com/nilkamal-plastic-shoe-rack/p/itmehhm2ghkjt7ef?pid=SHKEHHM2UZ9GPMZQ&lid=LSTSHKEHHM2UZ9GPMZQSHJZ4U&marketplace=FLIPKART&srno=b_1_24&otracker=nmenu_sub_Home%20%26%20Furniture_0_Living%20Room%20Furniture&fm=organic&iid=4f9ae629-98b9-475b-95ed-6f8cab8a88fd.SHKEHHM2UZ9GPMZQ.SEARCH&ssid=3bk24lhehc0000001580368774617,7 Shelves,"4,590",523
Home Full Oscar 3 door Engineered Wood Shoe Rack,www.flipkart.com/home-full-oscar-3-door-engineered-wood-shoe-rack/p/itmfysaf7qkgqyyt?pid=SHKFYQACQXDKGABF&lid=LSTSHKFYQACQXDKGABF1F5OMO&marketplace=FLIPKART&srno=b_1_25&otracker=nmenu_sub_Home%20%26%20Furniture_0_Living%20Room%20Furniture&fm=organic&iid=748c793d-36ef-4dfb-8103-2094c15057d5.SHKFYQACQXDKGABF.SEARCH&ssid=3bk24lhehc0000001580368774617,6 Shelves,"4,790",496
Nilkamal Engineered Wood Shoe Rack,www.flipkart.com/nilkamal-engineered-wood-shoe-rack/p/itmebpt2uxpmghfn?pid=SHKEBPT2TFFQ7EHC&lid=LSTSHKEBPT2TFFQ7EHCSTAC11&marketplace=FLIPKART&srno=b_1_26&otracker=nmenu_sub_Home%20%26%20Furniture_0_Living%20Room%20Furniture&fm=organic&iid=6c7aa2ed-3a7a-4e62-a64e-7293abec56ce.SHKEBPT2TFFQ7EHC.SEARCH&ssid=3bk24lhehc0000001580368774617,"Brown, 6 Shelves","5,690",1189
Spacewood Winner Engineered Wood Study Table,www.flipkart.com/spacewood-winner-engineered-wood-study-table/p/itmecj5qyfgrghby?pid=OSTECJ5QVEQBEW8P&lid=LSTOSTECJ5QVEQBEW8PZS5QXP&marketplace=FLIPKART&srno=b_1_27&otracker=nmenu_sub_Home%20%26%20Furniture_0_Living%20Room%20Furniture&fm=organic&iid=b3c92b63-bf3f-414d-b419-1131a808dbae.OSTECJ5QVEQBEW8P.SEARCH&ssid=3bk24lhehc0000001580368774617,"Free Standing, Finish Color - Natural Wenge","7,590",2240
Delite Kom 24 Inches wide Five Door Double Decker Powde...,www.flipkart.com/delite-kom-24-inches-wide-five-door-double-decker-powder-coated-wall-mounted-metallic-coffee-metal-shoe-rack/p/itmfft38whddapa4?pid=SHKFFSP3GAUZQQYS&lid=LSTSHKFFSP3GAUZQQYSPQS8UR&marketplace=FLIPKART&srno=b_1_28&otracker=nmenu_sub_Home%20%26%20Furniture_0_Living%20Room%20Furniture&fm=organic&iid=f2b6f695-a5f7-4df1-95b9-b2c9d901e494.SHKFFSP3GAUZQQYS.SEARCH&ssid=3bk24lhehc0000001580368774617,"Brown, 10 Shelves","8,990",648
Nilkamal Plastic Shoe Rack,www.flipkart.com/nilkamal-plastic-shoe-rack/p/itmeax7gsjh5xtzx?pid=SHKEAX7GNNFYGNHV&lid=LSTSHKEAX7GNNFYGNHV0ID7QV&marketplace=FLIPKART&srno=b_1_29&otracker=nmenu_sub_Home%20%26%20Furniture_0_Living%20Room%20Furniture&fm=organic&iid=3a2683a1-8575-495f-b75f-c57ad4d843b7.SHKEAX7GNNFYGNHV.SEARCH&ssid=3bk24lhehc0000001580368774617,"Brown, 7 Shelves","4,590",676
@home by Nilkamal Matt Fabric Manual Recliners,www.flipkart.com/home-nilkamal-matt-fabric-manual-recliners/p/itmer3qy3x6grhh4?pid=RECER3QYAVXVHWPH&lid=LSTRECER3QYAVXVHWPHXJAGCJ&marketplace=FLIPKART&srno=b_1_30&otracker=nmenu_sub_Home%20%26%20Furniture_0_Living%20Room%20Furniture&fm=organic&iid=e926bf43-34cc-431a-ad1e-c6f236ed1811.RECER3QYAVXVHWPH.SEARCH&ssid=3bk24lhehc0000001580368774617,Finish Color - Choclate,"14,590",239
Delite Kom 24 Inches wide Five Door Double Decker Powde...,www.flipkart.com/delite-kom-24-inches-wide-five-door-double-decker-powder-coated-wall-mounted-metallic-ivory-metal-shoe-rack/p/itmffnkjc3hmxjbr?pid=SHKFFN9PUSZNAFWG&lid=LSTSHKFFN9PUSZNAFWGHWL0DD&marketplace=FLIPKART&srno=b_1_31&otracker=nmenu_sub_Home%20%26%20Furniture_0_Living%20Room%20Furniture&fm=organic&iid=554ab0ad-f0a0-4ef2-9bf9-70ef1b5c889a.SHKFFN9PUSZNAFWG.SEARCH&ssid=3bk24lhehc0000001580368774617,"White, 5 Shelves","10,690",329
Delite Kom 24 Inches wide Five Door Powder Coated Wall ...,www.flipkart.com/delite-kom-24-inches-wide-five-door-powder-coated-wall-mounted-metallic-coffee-metal-shoe-rack/p/itmegzfy3bgczu8h?pid=SHKEGZFY9JYKKCJY&lid=LSTSHKEGZFY9JYKKCJYTNHZIV&marketplace=FLIPKART&srno=b_1_32&otracker=nmenu_sub_Home%20%26%20Furniture_0_Living%20Room%20Furniture&fm=organic&iid=d1886560-5d57-4b44-a63c-27d170d1670f.SHKEGZFY9JYKKCJY.SEARCH&ssid=3bk24lhehc0000001580368774617,"Brown, 5 Shelves","7,390",1223
Nilkamal Aspen Solid Wood Coffee Table,www.flipkart.com/nilkamal-aspen-solid-wood-coffee-table/p/itmebhdqvtqfftgf?pid=CFTEBHDQFGR7AQYJ&lid=LSTCFTEBHDQFGR7AQYJXPB9XU&marketplace=FLIPKART&srno=b_1_33&otracker=nmenu_sub_Home%20%26%20Furniture_0_Living%20Room%20Furniture&fm=organic&iid=34d345fc-2844-48e0-b357-1a459213d304.CFTEBHDQFGR7AQYJ.SEARCH&ssid=3bk24lhehc0000001580368774617,Finish Color - wenge,"3,590",431
Woodness Cameron Metal Close Book Shelf,www.flipkart.com/woodness-cameron-metal-close-book-shelf/p/itmeu7mhhh2hjjks?pid=BSFEU7MHFBCGGHCK&lid=LSTBSFEU7MHFBCGGHCKYEBPWU&marketplace=FLIPKART&spotlightTagId=BestvalueId_wwe&srno=b_1_34&otracker=nmenu_sub_Home%20%26%20Furniture_0_Living%20Room%20Furniture&fm=organic&iid=962a89ee-bff1-4b96-8d51-2af2acb9e89f.BSFEU7MHFBCGGHCK.SEARCH&ssid=3bk24lhehc0000001580368774617,Finish Color - Dual Tone Blue White,"12,590",80
HomeTown Engineered Wood Shoe Rack,www.flipkart.com/hometown-engineered-wood-shoe-rack/p/itmexw8ck5jfwzdp?pid=SHKEXW8CYRWPTUZA&lid=LSTSHKEXW8CYRWPTUZAT49QIL&marketplace=FLIPKART&srno=b_1_35&otracker=nmenu_sub_Home%20%26%20Furniture_0_Living%20Room%20Furniture&fm=organic&iid=47daab2c-657d-4cb8-b25e-f491f3ea4f54.SHKEXW8CYRWPTUZA.SEARCH&ssid=3bk24lhehc0000001580368774617,"Brown, 5 Shelves","7,690",446
Delite Kom 20 Inches wide Three Door Powder Coated Wall...,www.flipkart.com/delite-kom-20-inches-wide-three-door-powder-coated-wall-mounted-metallic-coffee-metal-shoe-rack/p/itmesqdmczpmzz4r?pid=SHKESQDMN6F4ESGD&lid=LSTSHKESQDMN6F4ESGDJHC87R&marketplace=FLIPKART&srno=b_1_36&otracker=nmenu_sub_Home%20%26%20Furniture_0_Living%20Room%20Furniture&fm=organic&iid=fc55e0bc-9057-47ff-993c-af0d1c84fe7d.SHKESQDMN6F4ESGD.SEARCH&ssid=3bk24lhehc0000001580368774617,"Brown, 3 Shelves","3,999",648
Spacewood Engineered Wood Shoe Rack,www.flipkart.com/spacewood-engineered-wood-shoe-rack/p/itmedwnnyga3pmkx?pid=SHKEDWNNGYSCWVAK&lid=LSTSHKEDWNNGYSCWVAKUELL9X&marketplace=FLIPKART&srno=b_1_37&otracker=nmenu_sub_Home%20%26%20Furniture_0_Living%20Room%20Furniture&fm=organic&iid=d3fd6af2-d345-41db-a230-b0d07785f007.SHKEDWNNGYSCWVAK.SEARCH&ssid=3bk24lhehc0000001580368774617,5 Shelves,"7,190",505
Spacewood Winner Engineered Wood Study Table,www.flipkart.com/spacewood-winner-engineered-wood-study-table/p/itmecj5qbuzg3gzg?pid=OSTECJ5QDSJP9NGK&lid=LSTOSTECJ5QDSJP9NGKV31ZSK&marketplace=FLIPKART&srno=b_1_38&otracker=nmenu_sub_Home%20%26%20Furniture_0_Living%20Room%20Furniture&fm=organic&iid=d1ab4731-b8c2-4f88-8626-f824984412a1.OSTECJ5QDSJP9NGK.SEARCH&ssid=3bk24lhehc0000001580368774617,"Free Standing, Finish Color - Walnut Rigato","7,590",2240
Home Edge Solid Wood Shoe Rack,www.flipkart.com/home-edge-solid-wood-shoe-rack/p/itmffea8wsqywrdp?pid=SHKFFDM5ZW8HYBBJ&lid=LSTSHKFFDM5ZW8HYBBJC2AI7B&marketplace=FLIPKART&srno=b_1_39&otracker=nmenu_sub_Home%20%26%20Furniture_0_Living%20Room%20Furniture&fm=organic&iid=a4765d25-8401-4b38-a300-c4bc2f40bd5b.SHKFFDM5ZW8HYBBJ.SEARCH&ssid=3bk24lhehc0000001580368774617,1 Shelves,"9,990",52
Flipkart Perfect Homes Sirena TV Entertainment Unit,www.flipkart.com/flipkart-perfect-homes-sirena-tv-entertainment-unit/p/itmeuvqdgj3uxj9h?pid=TVUEUVQDECWGU7FY&lid=LSTTVUEUVQDECWGU7FYNE1BHN&marketplace=FLIPKART&srno=b_1_40&otracker=nmenu_sub_Home%20%26%20Furniture_0_Living%20Room%20Furniture&fm=organic&iid=a54ca799-36e1-478b-92b3-0d9e0ecc73ec.TVUEUVQDECWGU7FY.SEARCH&ssid=3bk24lhehc0000001580368774617,Finish Color - Wenge,"6,490",5334
